Timestamp,Stylus Position X,Stylus Position Y,Stylus Position Z,Unity Stylus Position X,Unity Stylus Position Y,Unity Stylus Position Z,Joint angle 0,Joint angle 1,Joint angle 2,Gimbal angle 0,Gimbal angle 1,Gimbal angle 2,Is Assisting,
638591562638257381,-4.65172433853149,-32.6628723144531,26.6576747894287,-0.003834975,-0.03358367,0.03437204,-0.0238495357334614,0.426387816667557,0.585150837898254,0.0998212173581123,0.812613546848297,2.17972803115845,False
638591562639430592,-15.6295623779297,-14.8281002044678,-3.58328866958618,-0.01554915,-0.01507121,-0.002984589,-0.0945757478475571,0.653658628463745,0.463719815015793,0.0371811203658581,0.81389194726944,2.17972803115845,False
638591562639570173,-16.3202724456787,-12.0007600784302,-2.12018394470215,-0.01621763,-0.01285024,-0.002464168,-0.0978653356432915,0.667531549930573,0.486131578683853,0.0422945953905582,0.79982990026474,2.19762539863586,False
638591562639739561,-16.3675689697266,-12.144136428833,-5.09096050262451,-0.01643771,-0.01208566,-0.004391373,-0.0999213308095932,0.676916182041168,0.467794686555862,0.0410162284970284,0.789602935314178,2.21040892601013,False
638591562639988716,-15.1752214431763,-13.8939189910889,-4.06252241134644,-0.01542137,-0.01330665,-0.004343427,-0.0921085476875305,0.661819159984589,0.464942276477814,0.0397378578782082,0.778097629547119,2.22063589096069,False
638591562640327576,-11.6020927429199,-19.6352405548096,0.338131010532379,-0.01235078,-0.01839906,-0.000854166,-0.0686702132225037,0.608775734901428,0.4641273021698,0.0397378578782082,0.776819229125977,2.22319269180298,False
638591562640656850,-7.38984441757202,-26.214038848877,6.02584791183472,-0.00766117,-0.02584532,0.00566193,-0.0423534847795963,0.54593962430954,0.471462070941925,0.038459487259388,0.793438017368317,2.21168732643127,False
638591562640985365,-5.0687255859375,-30.7666034698486,7.6970853805542,-0.005138787,-0.0306242,0.007615243,-0.0287839230149984,0.510033249855042,0.464534789323807,0.038459487259388,0.810056805610657,2.18995499610901,False
638591562641304721,-7.03974914550781,-29.8745422363281,6.24990129470825,-0.00647974,-0.03022751,0.00666077,-0.0402974896132946,0.520641982555389,0.458829969167709,0.038459487259388,0.81900542974472,2.17844986915588,False
638591562641634549,-11.8549528121948,-26.6402835845947,1.96830081939697,-0.01152432,-0.02680122,0.002282013,-0.0694926157593727,0.555732250213623,0.445382922887802,0.038459487259388,0.817727029323578,2.18228483200073,False
638591562641984261,-16.2934494018555,-23.0581703186035,-1.68867063522339,-0.01604319,-0.023238,-0.001413587,-0.0974541381001472,0.590822517871857,0.439270615577698,0.0333460122346878,0.804943382740021,2.19890356063843,False
638591562642303177,-16.6234683990479,-22.4300804138184,-2.53848028182983,-0.01676478,-0.02240708,-0.002503226,-0.0999213308095932,0.597759008407593,0.436825692653656,0.0180055797100067,0.795994758605957,2.21296572685242,False
638591562642642950,-14.2583494186401,-23.769458770752,0.395837843418121,-0.01463269,-0.0235232,-0.0001220736,-0.0842957720160484,0.579805850982666,0.448235332965851,0.0154488412663341,0.789602935314178,2.22191429138184,False
638591562642982449,-10.1311874389648,-26.2567901611328,4.9609956741333,-0.01066449,-0.02600968,0.00433148,-0.0583902411162853,0.548795819282532,0.465349763631821,0.0167272109538317,0.795994758605957,2.2155225276947,False
638591562643302572,-6.54829931259155,-28.0056247711182,8.51249599456787,-0.007029118,-0.02776073,0.007785457,-0.0370079018175602,0.525538265705109,0.480426758527756,0.0243974253535271,0.806221723556519,2.204017162323,False
638591562643641487,-5.45749282836914,-28.124885559082,8.55588150024414,-0.005386407,-0.02821909,0.008612564,-0.030839916318655,0.524722218513489,0.480019271373749,0.0359027497470379,0.81644868850708,2.1873984336853,False
638591562643992079,-6.86452770233154,-26.7989101409912,7.28624391555786,-0.006726966,-0.0268892,0.007471742,-0.0390638932585716,0.537779092788696,0.4771668612957,0.0474080741405487,0.817727029323578,2.18484163284302,False
638591562644311017,-8.52888679504395,-25.7539882659912,4.35562801361084,-0.008396701,-0.02577364,0.004565419,-0.04934386536479,0.554508149623871,0.462904840707779,0.0499648116528988,0.817727029323578,2.18228483200073,False
638591562644669836,-9.25115776062012,-25.0268268585205,3.22440671920776,-0.00925378,-0.02500275,0.00327305,-0.0538670532405376,0.563076734542847,0.458829969167709,0.0563566610217094,0.811335206031799,2.19123339653015,False
638591562645008671,-8.53155899047852,-26.1507816314697,4.40973472595215,-0.008526345,-0.02608232,0.004304139,-0.04934386536479,0.551652014255524,0.461682379245758,0.0627485066652298,0.806221723556519,2.19634699821472,False
638591562645297889,-7.18616390228271,-27.8376750946045,6.31275844573975,-0.007322246,-0.02774612,0.006126705,-0.0411198884248734,0.534106850624084,0.466979712247849,0.06402687728405,0.807500123977661,2.19123339653015,False
638591562645599279,-6.077392578125,-29.3138942718506,7.52871894836426,-0.006146127,-0.02924404,0.007423662,-0.0345407053828239,0.520233929157257,0.469017148017883,0.0653052479028702,0.812613546848297,2.17461466789246,False
638591562646131573,-7.13112449645996,-29.5142307281494,6.72772836685181,-0.00706414,-0.02951281,0.00685484,-0.0407086908817291,0.521458029747009,0.463312327861786,0.06786198168993,0.817727029323578,2.15032553672791,False
638591562646317406,-7.80805730819702,-29.8066539764404,5.73991584777832,-0.007668224,-0.02982987,0.005822139,-0.0448206774890423,0.522682070732117,0.455977559089661,0.0691403523087502,0.817727029323578,2.14904737472534,False
638591562646616429,-8.8060474395752,-30.1627578735352,4.20628881454468,-0.008742528,-0.0300925,0.004356805,-0.0509886629879475,0.525130271911621,0.444975435733795,0.0716970935463905,0.815170288085938,2.15032553672791,False
638591562646924991,-10.3269414901733,-30.7808837890625,2.28694891929626,-0.01006817,-0.03066862,0.002675806,-0.0604462362825871,0.526762366294861,0.430713385343552,0.0742538273334503,0.807500123977661,2.15799593925476,False
638591562647254707,-12.3691263198853,-31.6535491943359,0.340476363897324,-0.01205052,-0.03147738,0.0007619544,-0.0731934010982513,0.526354312896729,0.415636390447617,0.0755321979522705,0.80238664150238,2.16438770294189,False
638591562647635126,-14.9780702590942,-32.8819580078125,-2.47396874427795,-0.01485506,-0.03281928,-0.002311822,-0.0900525599718094,0.525538265705109,0.39403960108757,0.0665836110711098,0.7972731590271,2.16950106620789,False
638591562647984915,-17.5583171844482,-33.9284362792969,-4.74427318572998,-0.01737247,-0.03386835,-0.004572048,-0.106911711394787,0.523906171321869,0.3769251704216,0.0627485066652298,0.790881276130676,2.17717146873474,False
638591562648295111,-19.9566497802734,-35.252311706543,-5.75297832489014,-0.01959099,-0.03490646,-0.005408531,-0.122126072645187,0.516561686992645,0.367145478725433,0.06402687728405,0.778097629547119,2.1873984336853,False
638591562648645128,-21.4647388458252,-37.3665390014648,-6.67750453948975,-0.0214181,-0.03719563,-0.006518769,-0.131994843482971,0.503504872322083,0.354513376951218,0.0576350279152393,0.772984147071838,2.19379019737244,False
638591562648974435,-22.3018550872803,-39.6052703857422,-6.00415849685669,-0.02228454,-0.03924995,-0.006130199,-0.136518031358719,0.485551685094833,0.351660996675491,0.0499648116528988,0.766592264175415,2.19762539863586,False
638591562649305092,-23.2165203094482,-42.3561973571777,-5.31660270690918,-0.02313233,-0.04211302,-0.00542784,-0.141452416777611,0.463926255702972,0.347586125135422,0.0397378578782082,0.770427405834198,2.19634699821472,False
638591562649624787,-24.181131362915,-45.2379493713379,-4.34506750106812,-0.02416077,-0.04494285,-0.004483187,-0.146386802196503,0.440668761730194,0.345548689365387,0.0307892728596926,0.771705746650696,2.19506859779358,False
638591562649954697,-25.1446323394775,-47.391845703125,-3.90674042701721,-0.02507364,-0.04734226,-0.003918551,-0.151732385158539,0.423939645290375,0.342696279287338,0.0167272109538317,0.775540888309479,2.19123339653015,False
638591562650293527,-26.8143081665039,-48.444164276123,-4.71553754806519,-0.0267553,-0.04842625,-0.004653897,-0.162423565983772,0.417819261550903,0.33576899766922,0.00394351687282324,0.778097629547119,2.18867683410645,False
638591562650622392,-28.7933025360107,-48.8975410461426,-6.05081701278687,-0.02866876,-0.04888005,-0.005976531,-0.175581932067871,0.417003214359283,0.327619284391403,-0.00756180705502629,0.775540888309479,2.18995499610901,False
638591562650977823,-30.9179801940918,-49.6037826538086,-6.84788131713867,-0.03078106,-0.04955395,-0.006843967,-0.189151495695114,0.412922948598862,0.32272943854332,-0.0165103934705257,0.769149005413055,2.19379019737244,False
638591562651296749,-32.75732421875,-51.1228103637695,-6.96346473693848,-0.03261194,-0.0509726,-0.006999196,-0.200253859162331,0.401498198509216,0.319877028465271,-0.0292940866202116,0.765313923358917,2.19251179695129,False
638591562651625638,-33.5004196166992,-52.9988403320313,-6.37960004806519,-0.03348378,-0.05279732,-0.006460081,-0.20395465195179,0.386401206254959,0.319469541311264,-0.0459128879010677,0.765313923358917,2.19251179695129,False
638591562652044248,-33.9844818115234,-53.9418869018555,-6.39098691940308,-0.03391788,-0.05394189,-0.006377026,-0.206833034753799,0.379464745521545,0.317432105541229,-0.0574182122945786,0.765313923358917,2.19251179695129,False
638591562652313325,-34.297794342041,-54.1443328857422,-6.55367612838745,-0.03429363,-0.05409377,-0.006573343,-0.208889037370682,0.378240674734116,0.316209644079208,-0.0612533204257488,0.765313923358917,2.19251179695129,False
638591562652631203,-34.3406181335449,-54.0765724182129,-6.35164356231689,-0.03434062,-0.05407657,-0.006351644,-0.208889037370682,0.378240674734116,0.317839592695236,-0.0638100579380989,0.765313923358917,2.19123339653015,False
638591562652960966,-33.3817481994629,-53.9562759399414,-5.60424566268921,-0.03350518,-0.05397346,-0.005682244,-0.202309846878052,0.377832651138306,0.321914464235306,-0.0638100579380989,0.765313923358917,2.19123339653015,False
638591562653311058,-30.1870918273926,-53.6609840393066,-4.09149885177612,-0.03068941,-0.05373101,-0.004393943,-0.181749910116196,0.377832651138306,0.328841745853424,-0.0535831041634083,0.769149005413055,2.1873984336853,False
638591562653639909,-25.357328414917,-53.0563468933105,-2.51572632789612,-0.02587414,-0.05317833,-0.002782908,-0.151732385158539,0.380280822515488,0.33576899766922,-0.036964301019907,0.778097629547119,2.17461466789246,False
638591562653918954,-19.6472568511963,-52.0183486938477,-0.277378648519516,-0.02038264,-0.05209247,-0.0005707996,-0.116369284689426,0.383953034877777,0.348808586597443,-0.0101185459643602,0.784489452838898,2.15799593925476,False
638591562654277781,-11.4497451782227,-50.3830337524414,2.22102212905884,-0.01192793,-0.05051087,0.002005466,-0.0670254155993462,0.390889495611191,0.365515530109406,0.0320676416158676,0.793438017368317,2.12092304229736,False
638591562654612684,-4.09009504318237,-48.065601348877,3.11328172683716,-0.004652327,-0.04832544,0.003032974,-0.0238495357334614,0.405578464269638,0.376110196113586,0.0844807848334312,0.80238664150238,2.06851005554199,False
638591562654943209,1.910853266716,-45.654899597168,3.75511908531189,0.001556949,-0.04577478,0.00375277,0.0111023699864745,0.420675456523895,0.387519806623459,0.135615557432175,0.807500123977661,2.02760219573975,False
638591562655271391,6.64333486557007,-44.0327796936035,3.43687677383423,0.006219315,-0.04415231,0.003448082,0.0386526957154274,0.432508200407028,0.391187191009521,0.181636855006218,0.808778464794159,1.99564290046692,False
638591562655591307,11.9682178497314,-42.5509033203125,3.59556317329407,0.01139412,-0.04266333,0.003507267,0.0694926157593727,0.441484808921814,0.398929446935654,0.226379781961441,0.808778464794159,1.97391068935394,False
638591562655960064,20.3657779693604,-40.9841384887695,5.86920690536499,0.01967895,-0.04121173,0.00557267,0.116369284689426,0.443116903305054,0.42460110783577,0.277514547109604,0.808778464794159,1.9445081949234,False
638591562656300372,28.7855205535889,-38.0467643737793,7.76757764816284,0.02798779,-0.0384549,0.00742409,0.162012368440628,0.453317582607269,0.45475509762764,0.319700747728348,0.815170288085938,1.90743541717529,False
638591562656629882,36.9468231201172,-32.4125747680664,9.17891311645508,0.03653438,-0.03278515,0.009024559,0.205188244581223,0.481063395738602,0.493058860301971,0.370835512876511,0.81644868850708,1.87291944026947,False
638591562656954180,41.6583251953125,-26.8261280059814,8.6954174041748,0.04143011,-0.02741328,0.008704862,0.231093779206276,0.515745639801025,0.51669305562973,0.419413566589355,0.81644868850708,1.83456838130951,False
638591562657263888,44.560977935791,-21.1502342224121,6.45826292037964,0.04433289,-0.02195336,0.006766315,0.249597728252411,0.558180391788483,0.528917670249939,0.457764625549316,0.81900542974472,1.81027936935425,False
638591562657612761,45.8905792236328,-14.6719312667847,2.54302406311035,0.04582041,-0.0155473,0.003125969,0.262344896793365,0.61326402425766,0.534215033054352,0.487167119979858,0.81900542974472,1.79749572277069,False
638591562657984454,48.2097358703613,-7.41665887832642,0.858265578746796,0.04799513,-0.008004718,0.0008970256,0.277559250593185,0.663859307765961,0.560701668262482,0.524239838123322,0.810056805610657,1.80388760566711,False
638591562658315205,52.1789894104004,-0.658282220363617,1.95983517169952,0.05190231,-0.00114463,0.001805883,0.297296792268753,0.697317481040955,0.605525195598602,0.556199073791504,0.801108241081238,1.80260920524597,False
638591562658604282,55.9565811157227,6.05695343017578,3.38788461685181,0.05549023,0.005164672,0.003152877,0.314978361129761,0.727103412151337,0.652793645858765,0.581766486167908,0.80238664150238,1.78215527534485,False
638591562658934119,57.1758079528809,13.3137331008911,3.05276131629944,0.05719832,0.01245925,0.003120234,0.321968734264374,0.769538223743439,0.69028240442276,0.607333838939667,0.804943382740021,1.75019598007202,False
638591562659303376,54.2912788391113,19.7601280212402,-1.02265000343323,0.05485888,0.01909646,-0.0004500062,0.313744753599167,0.829926133155823,0.700062096118927,0.629066109657288,0.806221723556519,1.72846376895905,False
638591562659652199,50.008544921875,24.5379371643066,-4.40258836746216,0.05033337,0.02419029,-0.004064214,0.296063214540482,0.879705369472504,0.70495194196701,0.639293074607849,0.7972731590271,1.73485565185547,False
638591562659981098,48.1700897216797,28.0477542877197,-4.65816497802734,0.0483431,0.02766818,-0.00456771,0.286194413900375,0.903778970241547,0.722066342830658,0.643128216266632,0.783211052417755,1.75275278091431,False
638591562660311376,48.0101661682129,29.9891681671143,-2.94376754760742,0.04802218,0.02980593,-0.003156149,0.282493650913239,0.906635165214539,0.741218209266663,0.639293074607849,0.780654311180115,1.76425814628601,False
638591562660630322,47.1852111816406,30.6522006988525,-1.95901119709015,0.04733376,0.03061866,-0.00195667,0.276325643062592,0.906635165214539,0.748552978038788,0.634179592132568,0.785767793655396,1.76553642749786,False
638591562660979139,44.4902229309082,31.3997001647949,-2.67179799079895,0.04483983,0.03130808,-0.002459742,0.262344896793365,0.918059885501862,0.746515572071075,0.622674286365509,0.789602935314178,1.77320671081543,False
638591562661292594,39.752815246582,31.2689323425293,-5.13302373886108,0.04034267,0.03136118,-0.004760672,0.238906562328339,0.935605049133301,0.729401111602783,0.61116898059845,0.788324534893036,1.79110383987427,False
638591562661631491,34.2017669677734,30.2240028381348,-7.65820646286011,0.03461263,0.03027347,-0.007354182,0.20971143245697,0.948253870010376,0.706174373626709,0.595828533172607,0.776819229125977,1.83584678173065,False
638591562661982339,31.6548519134521,29.5499362945557,-9.03740787506104,0.03167927,0.02965423,-0.008914519,0.196141868829727,0.953558206558228,0.693542301654816,0.567704379558563,0.770427405834198,1.88186812400818,False
638591562662291368,30.5171508789063,28.1894950866699,-9.99965763092041,0.0306059,0.02835784,-0.009889842,0.190385088324547,0.951110064983368,0.679687738418579,0.543415367603302,0.770427405834198,1.90743541717529,False
638591562662601708,29.1567363739014,26.731424331665,-11.8706827163696,0.02929213,0.02696728,-0.01150221,0.184217095375061,0.952334105968475,0.660943329334259,0.524239838123322,0.771705746650696,1.92916774749756,False
638591562662969789,26.6430644989014,25.3266067504883,-14.8708381652832,0.02688533,0.02542584,-0.01460099,0.171881139278412,0.959678590297699,0.636494159698486,0.507621049880981,0.769149005413055,1.95473515987396,False
638591562663289335,24.387113571167,24.3862571716309,-17.585765838623,0.02465891,0.02451462,-0.01708949,0.16036756336689,0.967839121818542,0.616527318954468,0.492280602455139,0.765313923358917,1.9866943359375,False
638591562663636304,22.2595291137695,24.1513595581055,-20.7445392608643,0.02246192,0.02415402,-0.02022875,0.149676397442818,0.982120096683502,0.599412858486176,0.473105072975159,0.766592264175415,2.01226186752319,False
638591562663975198,20.9060192108154,25.0647430419922,-23.2519474029541,0.02099831,0.0249775,-0.02303477,0.143097206950188,1.00048124790192,0.593708038330078,0.455207884311676,0.767870664596558,2.02760219573975,False
638591562664294193,19.516429901123,26.5002593994141,-25.8460140228271,0.01974303,0.02627293,-0.02550249,0.136106833815575,1.02292275428772,0.591670632362366,0.441145837306976,0.767870664596558,2.03271555900574,False
638591562664692770,18.5877151489258,28.1873550415039,-28.7871475219727,0.01860639,0.02810585,-0.02864696,0.132406041026115,1.04862844944,0.590855658054352,0.427083760499954,0.767870664596558,2.03655076026917,False
638591562664941954,18.2850856781006,28.867000579834,-29.7531127929688,0.01836695,0.02876007,-0.02957272,0.131172448396683,1.05801296234131,0.591670632362366,0.420691907405853,0.766592264175415,2.03782916069031,False
638591562665292938,17.8865337371826,29.7288303375244,-31.4721260070801,0.01791129,0.02962462,-0.03128267,0.12993885576725,1.07229399681091,0.590855658054352,0.414300084114075,0.766592264175415,2.04038596153259,False
638591562665633118,17.3655738830566,30.8395519256592,-33.2982406616211,0.0173963,0.03071325,-0.03305925,0.127882853150368,1.08902299404144,0.591670632362366,0.409186601638794,0.766592264175415,2.04166436195374,False
638591562665971970,16.6813926696777,31.7227535247803,-35.1567153930664,0.01669951,0.03164928,-0.03501208,0.124593265354633,1.10452806949615,0.590855658054352,0.404073119163513,0.767870664596558,2.0429425239563,False
638591562666300265,16.4463329315186,32.4997215270996,-37.0335693359375,0.01642264,0.03238075,-0.03678405,0.124593265354633,1.1192170381546,0.589633166790009,0.397681266069412,0.767870664596558,2.04549932479858,False
638591562666620337,16.1846656799316,33.39599609375,-39.1228523254395,0.01620919,0.03330415,-0.03892707,0.124593265354633,1.13594615459442,0.588818192481995,0.393846154212952,0.767870664596558,2.04677772521973,False
638591562666970871,15.7953510284424,34.4701614379883,-41.8093948364258,0.01582619,0.03436056,-0.04156232,0.124182067811489,1.15716350078583,0.587595760822296,0.390011072158813,0.767870664596558,2.04933452606201,False
638591562667305518,15.4885177612305,35.7722320556641,-44.2675170898438,0.01553894,0.0355543,-0.04386355,0.124182067811489,1.1791969537735,0.589633166790009,0.388732701539993,0.766592264175415,2.05061292648315,False
638591562667664188,15.1401567459106,37.1823120117188,-47.0583305358887,0.01517859,0.03701493,-0.04675046,0.124182067811489,1.20408654212952,0.59207808971405,0.383619219064713,0.770427405834198,2.05189108848572,False
638591562667963187,14.6318044662476,38.2585563659668,-49.1372184753418,0.0146505,0.03820287,-0.04898493,0.122126072645187,1.22326374053955,0.594523012638092,0.379784107208252,0.770427405834198,2.05189108848572,False
638591562668302569,14.2993955612183,39.218994140625,-51.047779083252,0.01433053,0.03913058,-0.05079239,0.121303670108318,1.24080896377563,0.596967935562134,0.378505736589432,0.766592264175415,2.054447889328,False
638591562668627664,14.0939989089966,40.4113235473633,-53.1271743774414,0.01412545,0.04032817,-0.05287006,0.121714875102043,1.26121032238007,0.601450324058533,0.374670624732971,0.770427405834198,2.054447889328,False
638591562668968269,14.0780296325684,41.083911895752,-54.4240417480469,0.01405026,0.04103599,-0.05426339,0.122948467731476,1.27345108985901,0.603895246982574,0.372113883495331,0.769149005413055,2.05572628974915,False
638591562669298093,14.109016418457,41.8153114318848,-55.6959648132324,0.01414145,0.04173864,-0.05543697,0.124593265354633,1.28609991073608,0.60715514421463,0.374670624732971,0.765313923358917,2.05956149101257,False
638591562669637678,13.957839012146,43.3851509094238,-56.9030532836914,0.0139664,0.04327924,-0.05683467,0.124593265354633,1.30527710914612,0.61856472492218,0.373392254114151,0.765313923358917,2.05956149101257,False
638591562669947430,13.8638620376587,44.4967155456543,-57.6534118652344,0.01389112,0.04439662,-0.05743576,0.124593265354633,1.31833398342133,0.627121984958649,0.370835512876511,0.767870664596558,2.05700469017029,False
638591562670297223,13.8528919219971,46.5068092346191,-58.1086502075195,0.01386656,0.04622223,-0.05799991,0.125004455447197,1.33669519424438,0.64505136013031,0.370835512876511,0.767870664596558,2.05572628974915,False
638591562670637228,13.7112321853638,49.542236328125,-59.2359733581543,0.01374179,0.04914981,-0.05899281,0.125004455447197,1.36688911914825,0.67153799533844,0.370835512876511,0.771705746650696,2.054447889328,False
638591562671042066,13.5258111953735,53.5123481750488,-59.9912643432617,0.01352528,0.05334351,-0.05999555,0.124182067811489,1.401571393013,0.708211779594421,0.379784107208252,0.766592264175415,2.05316948890686,False
638591562671312428,13.413800239563,55.7594451904297,-60.5279083251953,0.01341031,0.05551004,-0.06055593,0.123770862817764,1.4215646982193,0.728993654251099,0.382340848445892,0.769149005413055,2.04677772521973,False
638591562671804165,13.2384576797485,58.9410820007324,-61.9373359680176,0.01324872,0.05884726,-0.06185483,0.123770862817764,1.45379889011383,0.757925152778625,0.388732701539993,0.770427405834198,2.03782916069031,False
638591562672153800,13.1126203536987,60.0998191833496,-62.9488334655762,0.01312301,0.06000764,-0.0628653,0.123770862817764,1.46889579296112,0.768112361431122,0.393846154212952,0.770427405834198,2.03271555900574,False
638591562672492331,13.0425138473511,61.061939239502,-63.8630790710449,0.01307318,0.06095643,-0.06361739,0.124182067811489,1.48195266723633,0.776669561862946,0.395124524831772,0.769149005413055,2.03399395942688,False
638591562672786480,13.0408382415771,62.8854026794434,-64.9148025512695,0.0130625,0.06270769,-0.06474303,0.125415667891502,1.50194597244263,0.793784022331238,0.396402895450592,0.769149005413055,2.03271555900574,False
638591562673145300,12.9253215789795,65.2686996459961,-66.1696166992188,0.01293606,0.06505876,-0.06608474,0.125826865434647,1.52724361419678,0.816603243350983,0.397681266069412,0.771705746650696,2.02504539489746,False
638591562673472924,12.8078460693359,66.8658599853516,-67.0983123779297,0.01282819,0.06673805,-0.06693748,0.125826865434647,1.54478871822357,0.832087755203247,0.401516377925873,0.772984147071838,2.01737523078918,False
638591562673802514,12.616361618042,68.6092529296875,-68.2816009521484,0.01263922,0.06844397,-0.0681003,0.125415667891502,1.565190076828,0.849202215671539,0.404073119163513,0.774262487888336,2.00714826583862,False
638591562674142462,12.4412126541138,70.6936416625977,-69.3427963256836,0.01245806,0.07040883,-0.06920871,0.125004455447197,1.58681547641754,0.869984030723572,0.411743342876434,0.772984147071838,2.00075650215149,False
638591562674480714,11.9928503036499,72.52685546875,-70.9693069458008,0.0120652,0.07233305,-0.07071277,0.122537270188332,1.61129713058472,0.888728380203247,0.414300084114075,0.775540888309479,1.9866943359375,False
638591562674819586,11.4557390213013,74.1200332641602,-72.4050369262695,0.01148734,0.07393278,-0.07214037,0.118836477398872,1.63292253017426,0.90543532371521,0.419413566589355,0.774262487888336,1.97774577140808,False
638591562675138520,11.0978746414185,75.6168975830078,-74.0854415893555,0.01112823,0.07555766,-0.07382763,0.117191687226295,1.6557719707489,0.921734809875488,0.420691907405853,0.776819229125977,1.96879720687866,False
638591562675467455,10.8645887374878,76.7843551635742,-75.4087905883789,0.01089733,0.07669187,-0.0751287,0.116369284689426,1.67372512817383,0.934774398803711,0.424527019262314,0.776819229125977,1.95984864234924,False
638591562675806339,10.685227394104,78.1003875732422,-77.2679214477539,0.01069933,0.07799504,-0.07714768,0.116780482232571,1.6969827413559,0.950258910655975,0.427083760499954,0.776819229125977,1.95473515987396,False
638591562676145077,10.5291728973389,79.2436141967773,-78.5981521606445,0.01054704,0.07918546,-0.07844582,0.116780482232571,1.71493589878082,0.963705956935883,0.432197242975235,0.775540888309479,1.94962167739868,False
638591562676473986,10.51881980896,79.849479675293,-79.6322708129883,0.01049135,0.07982153,-0.07955164,0.118014082312584,1.72717666625977,0.971448183059692,0.433475613594055,0.775540888309479,1.94067311286926,False
638591562676812827,10.4372358322144,80.2060775756836,-80.6288833618164,0.01044992,0.08022413,-0.08052232,0.118425279855728,1.73778533935547,0.97674548625946,0.434753984212875,0.775540888309479,1.93939471244812,False
638591562677133842,10.300121307373,80.5210266113281,-81.7812805175781,0.01032186,0.08051439,-0.08159856,0.118425279855728,1.74961817264557,0.982042849063873,0.434753984212875,0.775540888309479,1.93555963039398,False
638591562677473376,9.96264266967773,80.9557876586914,-82.8195419311523,0.009962643,0.08095579,-0.08281954,0.115958087146282,1.76145088672638,0.988562643527985,0.433475613594055,0.779375970363617,1.9330028295517,False
638591562677808885,9.9664421081543,80.0956726074219,-83.3949279785156,0.009931508,0.08009568,-0.08339084,0.116780482232571,1.76145088672638,0.98082035779953,0.433475613594055,0.778097629547119,1.9304461479187,False
638591562678155995,10.2791233062744,79.6447677612305,-83.7376403808594,0.01027912,0.07964477,-0.08373764,0.120892472565174,1.76145088672638,0.97674548625946,0.430918872356415,0.778097629547119,1.92916774749756,False
638591562678474938,10.4484157562256,79.5200347900391,-83.7965621948242,0.01044842,0.07952004,-0.08379657,0.122948467731476,1.76104283332825,0.975523054599762,0.430918872356415,0.776819229125977,1.92916774749756,False
638591562678816369,10.4558849334717,79.6100387573242,-83.7361221313477,0.01045215,0.07956503,-0.08376634,0.122948467731476,1.76104283332825,0.976338028907776,0.429640501737595,0.776819229125977,1.92788934707642,False
638591562679145272,10.4633445739746,79.7001037597656,-83.6757507324219,0.01046334,0.0797001,-0.08367576,0.122948467731476,1.76104283332825,0.97715300321579,0.428362131118774,0.776819229125977,1.92788934707642,False
638591562679471945,10.454478263855,80.0156936645508,-83.4607238769531,0.01045078,0.07997058,-0.08349078,0.122537270188332,1.76104283332825,0.980005383491516,0.427083760499954,0.776819229125977,1.92788934707642,False
638591562679811667,10.4599952697754,80.5128479003906,-83.127082824707,0.01044616,0.08041205,-0.08323983,0.122126072645187,1.76104283332825,0.984487771987915,0.428362131118774,0.779375970363617,1.92661094665527,False
638591562680141187,10.4950380325317,80.5128479003906,-83.1313858032227,0.01046,0.08051285,-0.08312709,0.122537270188332,1.76104283332825,0.984487771987915,0.430918872356415,0.778097629547119,1.92533266544342,False
638591562680471010,10.694845199585,80.4572906494141,-83.2403869628906,0.01062485,0.08045729,-0.08323163,0.125004455447197,1.76145088672638,0.984080255031586,0.430918872356415,0.779375970363617,1.92533266544342,False
638591562680799936,11.3154850006104,79.9602737426758,-83.655647277832,0.01124981,0.0800054,-0.08361636,0.13281723856926,1.76145088672638,0.979597926139832,0.433475613594055,0.778097629547119,1.92405426502228,False
638591562681140596,12.0208644866943,78.9707260131836,-84.4304046630859,0.01191733,0.07897073,-0.08441564,0.142274811863899,1.76145088672638,0.970633208751678,0.438589096069336,0.776819229125977,1.92533266544342,False
638591562681479724,12.6873159408569,77.3748626708984,-85.6040191650391,0.01258994,0.07741926,-0.08555745,0.152143582701683,1.76104283332825,0.955963671207428,0.443702578544617,0.775540888309479,1.92405426502228,False
638591562681798722,13.0091381072998,74.7887649536133,-87.5041275024414,0.012958,0.07491969,-0.08739755,0.159545168280602,1.7606348991394,0.93192195892334,0.444980949163437,0.776819229125977,1.92277586460114,False
638591562682176361,13.1832122802734,72.6364288330078,-89.3254241943359,0.01296838,0.07276355,-0.08900595,0.165301948785782,1.76185894012451,0.911955118179321,0.442424207925797,0.779375970363617,1.92021918296814,False
638591562682505307,16.0912456512451,72.6243667602539,-89.7362670898438,0.01543391,0.0726141,-0.08965903,0.201898649334908,1.7606348991394,0.911547660827637,0.453929513692856,0.778097629547119,1.916384100914,False
638591562682796091,19.4363708496094,72.4912185668945,-90.2268676757813,0.01921142,0.07249122,-0.09017126,0.243840947747231,1.75737059116364,0.90951019525528,0.474383443593979,0.776819229125977,1.90232193470001,False
638591562683134996,22.2734146118164,72.1628952026367,-90.7795257568359,0.02211389,0.0721629,-0.0907339,0.279615253210068,1.75329041481018,0.90543532371521,0.507621049880981,0.776819229125977,1.87291944026947,False
638591562683534944,24.9008350372314,71.9033203125,-91.6048812866211,0.02458505,0.07190333,-0.09150315,0.313744753599167,1.75165832042694,0.902582943439484,0.548528850078583,0.776819229125977,1.84607374668121,False
638591562683792480,26.9490795135498,71.7582092285156,-92.0812072753906,0.02689756,0.07180081,-0.09202725,0.339650273323059,1.7488020658493,0.900545537471771,0.572817862033844,0.776819229125977,1.82561981678009,False
638591562684122211,28.3254375457764,71.404670715332,-92.2928314208984,0.02829416,0.07140467,-0.09228119,0.356509447097778,1.74390578269958,0.896063148975372,0.599663615226746,0.775540888309479,1.80516588687897,False
638591562684451419,29.4039096832275,71.1214981079102,-92.6500778198242,0.02927936,0.0711215,-0.09260183,0.370490193367004,1.74145758152008,0.892803251743317,0.616282403469086,0.776819229125977,1.79366064071655,False
638591562684815622,30.3638210296631,70.8262176513672,-92.5887908935547,0.0303055,0.07085049,-0.09264417,0.381181359291077,1.7357451915741,0.888728380203247,0.629066109657288,0.775540888309479,1.79110383987427,False
638591562685114711,30.7463932037354,70.1681823730469,-92.2691345214844,0.03073203,0.07023502,-0.09230468,0.384059756994247,1.72717666625977,0.880578637123108,0.636736333370209,0.774262487888336,1.78982543945313,False
638591562685446647,31.2589321136475,69.3379974365234,-91.9072189331055,0.03124468,0.06940527,-0.09194207,0.388171762228012,1.71656799316406,0.870391488075256,0.639293074607849,0.772984147071838,1.79110383987427,False
638591562685797225,31.441089630127,68.6784896850586,-91.4617614746094,0.03142704,0.06874616,-0.09149611,0.388171762228012,1.7075914144516,0.862241744995117,0.639293074607849,0.772984147071838,1.78982543945313,False
638591562686120914,31.2369804382324,67.2716903686523,-90.6877365112305,0.03126892,0.06738058,-0.09070056,0.382414966821671,1.69167840480804,0.845534801483154,0.634179592132568,0.775540888309479,1.78854715824127,False
638591562686465326,31.080940246582,65.9360809326172,-88.7209014892578,0.03108788,0.06602992,-0.08889609,0.372134983539581,1.66678869724274,0.828420400619507,0.63034451007843,0.774262487888336,1.79366064071655,False
638591562686795600,31.416353225708,65.0092468261719,-86.0687255859375,0.03142079,0.06514513,-0.08625977,0.364733427762985,1.63863492012024,0.815788269042969,0.623952627182007,0.774262487888336,1.80005240440369,False
638591562687142158,31.7219619750977,63.1852989196777,-82.7425003051758,0.03172032,0.06340495,-0.08296254,0.354864656925201,1.59946429729462,0.794191479682922,0.618839144706726,0.772984147071838,1.80516588687897,False
638591562687460846,31.8549194335938,60.9713478088379,-79.478889465332,0.03189664,0.06147019,-0.07959238,0.344173461198807,1.55906975269318,0.770149767398834,0.61116898059845,0.772984147071838,1.81794965267181,False
638591562687821923,32.1723594665527,58.3416404724121,-75.9706726074219,0.03212987,0.05891274,-0.07645781,0.335127085447311,1.51418673992157,0.743663132190704,0.602220356464386,0.771705746650696,1.83456838130951,False
638591562688171447,31.8459339141846,54.8997650146484,-73.4021835327148,0.03185634,0.05523653,-0.07362961,0.323613524436951,1.47134399414063,0.709841728210449,0.593271791934967,0.770427405834198,1.85630071163177,False
638591562688472998,31.5174674987793,51.6674385070801,-70.8024673461914,0.03156733,0.05220286,-0.07092209,0.312511146068573,1.43013334274292,0.679687738418579,0.576653003692627,0.770427405834198,1.87803292274475,False
638591562688807748,31.3428268432617,47.3852653503418,-68.2568740844727,0.03131309,0.04781259,-0.06835185,0.303464770317078,1.38076210021973,0.640569031238556,0.560034155845642,0.770427405834198,1.90104365348816,False
638591562689137541,31.368824005127,43.2507743835449,-65.6621551513672,0.03140162,0.0437252,-0.06555481,0.296474397182465,1.3322069644928,0.605117678642273,0.547250509262085,0.769149005413055,1.93172442913055,False
638591562689462195,31.992862701416,39.208869934082,-62.5301361083984,0.03196588,0.03983956,-0.06261939,0.293595999479294,1.28120362758636,0.574556171894073,0.5306316614151,0.770427405834198,1.95473515987396,False
638591562689811034,33.112133026123,34.6091232299805,-58.5019912719727,0.03297945,0.03516855,-0.05877912,0.292773604393005,1.22163164615631,0.544809639453888,0.522961497306824,0.767870664596558,1.97646737098694,False
638591562690142035,34.4271507263184,30.25852394104,-54.1394844055176,0.03432816,0.03106637,-0.05446789,0.292773604393005,1.16409993171692,0.522397875785828,0.520404756069183,0.765313923358917,1.99052941799164,False
638591562690461916,35.6632690429688,25.1587715148926,-49.862419128418,0.0355911,0.02568405,-0.0501022,0.292362421751022,1.10289597511292,0.497133731842041,0.517848014831543,0.766592264175415,1.9981997013092,False
638591562690800511,37.0173988342285,18.8019905090332,-45.1799659729004,0.03690043,0.01952301,-0.04556919,0.291951209306717,1.03189933300018,0.468202173709869,0.520404756069183,0.765313923358917,2.01609683036804,False
638591562691130969,38.3279991149902,12.8910760879517,-40.8191299438477,0.03820462,0.01346934,-0.04122967,0.291951209306717,0.967839121818542,0.446197897195816,0.524239838123322,0.764035522937775,2.03271555900574,False
638591562691470101,39.2888298034668,6.30936622619629,-37.2309951782227,0.03923437,0.007068418,-0.03741276,0.291128814220428,0.903370916843414,0.419711261987686,0.524239838123322,0.766592264175415,2.04038596153259,False
638591562691789051,39.757884979248,-0.0271231774240732,-34.6666030883789,0.03979548,0.0007422395,-0.03474132,0.289072811603546,0.845839202404022,0.392817139625549,0.525518178939819,0.766592264175415,2.04677772521973,False
638591562692130018,39.8029479980469,-6.18224859237671,-32.4727210998535,0.03980564,-0.005511537,-0.03267039,0.284960836172104,0.791979670524597,0.36755296587944,0.529353320598602,0.762757182121277,2.05700469017029,False
638591562692469324,40.0276184082031,-10.2518215179443,-31.2880458831787,0.03998733,-0.009665892,-0.03142599,0.284138441085815,0.757297396659851,0.351253509521484,0.52807492017746,0.764035522937775,2.06339645385742,False
638591562692800548,39.6001052856445,-13.2162675857544,-31.2870273590088,0.03965925,-0.01292966,-0.03108231,0.281260043382645,0.734855949878693,0.334139049053192,0.524239838123322,0.767870664596558,2.06339645385742,False
638591562693131824,39.3540267944336,-16.0183963775635,-30.8676319122314,0.03934322,-0.01581946,-0.03090541,0.278792858123779,0.712414503097534,0.321099489927292,0.524239838123322,0.765313923358917,2.06851005554199,False
638591562693460565,39.6155662536621,-19.1053123474121,-29.9539546966553,0.03951583,-0.01867709,-0.03008751,0.278792858123779,0.686300754547119,0.310912311077118,0.522961497306824,0.765313923358917,2.07362341880798,False
638591562693791420,40.4790916442871,-23.5056972503662,-27.8113651275635,0.04041676,-0.02303975,-0.0280278,0.280437648296356,0.647130191326141,0.303577572107315,0.52807492017746,0.762757182121277,2.08129358291626,False
638591562694130409,42.4450378417969,-29.4271278381348,-24.11305809021,0.04227388,-0.02884156,-0.0244763,0.286194413900375,0.592862665653229,0.302762597799301,0.534466803073883,0.762757182121277,2.09024238586426,False
638591562694479275,43.8280944824219,-36.739070892334,-19.8641700744629,0.04369304,-0.03556785,-0.02054558,0.287016838788986,0.528394460678101,0.301947623491287,0.540858626365662,0.762757182121277,2.09663414955139,False
638591562694820640,44.2616195678711,-41.8775825500488,-17.0213108062744,0.04428101,-0.04158885,-0.01718574,0.284549623727798,0.484327584505081,0.301947623491287,0.544693768024445,0.765313923358917,2.10174751281738,False
638591562695129616,44.4125747680664,-44.8012008666992,-15.5730123519897,0.04436526,-0.04446014,-0.0157358,0.282904833555222,0.459845989942551,0.30154013633728,0.549807250499725,0.761478781700134,2.10686111450195,False
638591562695466918,44.3630981445313,-46.644905090332,-14.5643424987793,0.04434363,-0.04649757,-0.01463185,0.280848830938339,0.444340974092484,0.301947623491287,0.549807250499725,0.762757182121277,2.10686111450195,False
638591562695796861,44.3866119384766,-47.0550689697266,-14.2449226379395,0.04437226,-0.04707126,-0.01429477,0.280437648296356,0.440668761730194,0.302762597799301,0.549807250499725,0.762757182121277,2.10686111450195,False
638591562696196543,44.5300750732422,-46.8919982910156,-13.7468347549438,0.0445014,-0.04692478,-0.0138464,0.280437648296356,0.440668761730194,0.306837439537048,0.547250509262085,0.765313923358917,2.10430431365967,False
638591562696464285,44.8499145507813,-46.7604637145996,-13.5939016342163,0.04470181,-0.04672778,-0.01362913,0.282082438468933,0.441076785326004,0.308874875307083,0.547250509262085,0.767870664596558,2.10302591323853,False
638591562696813237,45.3267440795898,-46.5951232910156,-13.379693031311,0.04526302,-0.04659513,-0.01336107,0.284549623727798,0.441484808921814,0.311727285385132,0.549807250499725,0.767870664596558,2.10174751281738,False
638591562697152340,46.2121391296387,-46.4241790771484,-12.730414390564,0.04613347,-0.04644118,-0.01276091,0.288661628961563,0.440668761730194,0.318247079849243,0.554920673370361,0.765313923358917,2.10430431365967,False
638591562697480631,47.1234550476074,-46.0882873535156,-12.4840574264526,0.046923,-0.0461547,-0.01245312,0.293595999479294,0.441892832517624,0.32272943854332,0.558755815029144,0.767870664596558,2.10302591323853,False
638591562697810142,48.1214790344238,-45.3851509094238,-12.2011394500732,0.04796972,-0.04546931,-0.01223754,0.29894158244133,0.445565074682236,0.328841745853424,0.565147638320923,0.767870664596558,2.10174751281738,False
638591562698159956,49.3700103759766,-44.2534675598145,-11.5917806625366,0.04914477,-0.04440553,-0.01163248,0.305109590291977,0.451277434825897,0.339028894901276,0.575374603271484,0.766592264175415,2.10302591323853,False
638591562698480518,51.1536674499512,-42.2890205383301,-11.7901020050049,0.05098232,-0.04255091,-0.01166008,0.315800756216049,0.464334279298782,0.347993612289429,0.583044826984406,0.769149005413055,2.10174751281738,False
638591562698811401,53.1754608154297,-39.882869720459,-11.5218305587769,0.05296548,-0.04001794,-0.01150517,0.326903104782104,0.47902324795723,0.36225563287735,0.595828533172607,0.766592264175415,2.10302591323853,False
638591562699150599,55.7247123718262,-36.7147941589355,-11.6693077087402,0.05546842,-0.03706167,-0.01157366,0.341706275939941,0.499424576759338,0.378147631883621,0.609890580177307,0.766592264175415,2.10046935081482,False
638591562699480362,57.6463966369629,-33.3809432983398,-12.7806777954102,0.05733188,-0.03405591,-0.01245001,0.354864656925201,0.523906171321869,0.387927293777466,0.622674286365509,0.769149005413055,2.09791254997253,False
638591562699830854,58.8600654602051,-30.2126922607422,-14.3820543289185,0.05890058,-0.03039842,-0.01427608,0.365144610404968,0.549203813076019,0.393224626779556,0.638014733791351,0.769149005413055,2.09152054786682,False
638591562700141311,58.9324989318848,-28.8074531555176,-15.8866357803345,0.05890028,-0.02881671,-0.01559655,0.368845403194427,0.563076734542847,0.389964729547501,0.648241639137268,0.767870664596558,2.08512878417969,False
638591562700470996,58.7569351196289,-28.2123680114746,-17.4489707946777,0.05877829,-0.02830391,-0.01739414,0.371723800897598,0.57205331325531,0.382222473621368,0.654633522033691,0.767870664596558,2.08129358291626,False
638591562700811078,59.2175636291504,-27.638786315918,-18.096248626709,0.05915578,-0.02763879,-0.01807191,0.375424593687057,0.576949656009674,0.382222473621368,0.657190263271332,0.766592264175415,2.0825719833374,False
638591562701139927,59.932559967041,-27.3596572875977,-18.0961837768555,0.05986314,-0.02742563,-0.01809072,0.3795365691185,0.578173696994781,0.385074883699417,0.657190263271332,0.769149005413055,2.08129358291626,False
638591562701469013,60.4105644226074,-27.7891006469727,-17.4390487670898,0.06030792,-0.02771824,-0.01751573,0.380770176649094,0.57286936044693,0.388334780931473,0.659747004508972,0.767870664596558,2.0825719833374,False
638591562701799262,60.7686729431152,-28.5728778839111,-16.9055690765381,0.06076868,-0.02857288,-0.01690557,0.381592571735382,0.565524876117706,0.389149755239487,0.66102534532547,0.769149005413055,2.0800154209137,False
638591562702151995,60.8940505981445,-29.3397617340088,-16.2312526702881,0.06088334,-0.02929362,-0.01625802,0.380770176649094,0.558180391788483,0.390372216701508,0.66358208656311,0.767870664596558,2.0825719833374,False
638591562702542876,61.0420570373535,-30.4300899505615,-15.4973001480103,0.06099993,-0.03024445,-0.01560281,0.379947781562805,0.548387765884399,0.390779703855515,0.666138827800751,0.766592264175415,2.08385038375854,False
638591562702831867,60.4726333618164,-31.3747673034668,-15.4648637771606,0.06042091,-0.03114189,-0.01559564,0.376658171415329,0.542267382144928,0.385889858007431,0.664860486984253,0.770427405834198,2.08129358291626,False
638591562703160744,60.0844573974609,-31.9779090881348,-15.5283536911011,0.06008446,-0.03197791,-0.01552835,0.374602198600769,0.538595139980316,0.382222473621368,0.666138827800751,0.769149005413055,2.0825719833374,False
638591562703489644,60.0400581359863,-32.3519325256348,-15.2717065811157,0.06004006,-0.03235193,-0.01527171,0.373779803514481,0.535330951213837,0.382222473621368,0.664860486984253,0.769149005413055,2.0825719833374,False
638591562703798669,59.898811340332,-32.6107788085938,-14.51637840271,0.05987053,-0.03258431,-0.01458902,0.371312588453293,0.531658709049225,0.385482370853424,0.664860486984253,0.767870664596558,2.08385038375854,False
638591562704157572,59.6114044189453,-33.1190147399902,-13.7522974014282,0.05966512,-0.03307197,-0.01380233,0.368023008108139,0.526354312896729,0.387519806623459,0.664860486984253,0.767870664596558,2.08385038375854,False
638591562704487766,58.9532737731934,-33.5367622375488,-13.3744888305664,0.05908895,-0.03346913,-0.01340141,0.363499820232391,0.523090124130249,0.386704832315445,0.66358208656311,0.767870664596558,2.08385038375854,False
638591562704947984,57.9702186584473,-34.0776596069336,-13.6661939620972,0.05797022,-0.03407766,-0.01366619,0.358565419912338,0.521049976348877,0.380592525005341,0.66102534532547,0.767870664596558,2.08385038375854,False
638591562705277120,57.4284744262695,-34.3470840454102,-13.5641632080078,0.05742848,-0.03434709,-0.01356416,0.355275839567184,0.519417881965637,0.378962576389313,0.657190263271332,0.766592264175415,2.08512878417969,False
638591562705606696,57.2591400146484,-34.5690841674805,-13.630521774292,0.05725914,-0.03456908,-0.01363052,0.354453444480896,0.518193781375885,0.377332657575607,0.654633522033691,0.767870664596558,2.08512878417969,False
638591562705936385,57.1598472595215,-34.7109336853027,-13.5077180862427,0.05715054,-0.03466364,-0.01353296,0.353631049394608,0.516969740390778,0.377332657575607,0.652076780796051,0.766592264175415,2.08385038375854,False
638591562706268896,57.0417747497559,-34.7582397460938,-13.4355354309082,0.05704178,-0.03475824,-0.01343554,0.352808654308319,0.516561686992645,0.377332657575607,0.650798380374908,0.767870664596558,2.08512878417969,False
638591562706607764,56.7602729797363,-34.7309455871582,-13.4146013259888,0.0567869,-0.03475824,-0.01334192,0.351163864135742,0.516969740390778,0.3769251704216,0.649520039558411,0.766592264175415,2.08512878417969,False
638591562706933702,55.8848838806152,-34.701171875,-13.6411600112915,0.05599207,-0.03470872,-0.01354367,0.346640676259995,0.518601834774017,0.373665273189545,0.652076780796051,0.764035522937775,2.08768558502197,False
638591562707284686,53.5753593444824,-34.5985412597656,-14.9207191467285,0.05384987,-0.0346158,-0.01474369,0.3359494805336,0.524722218513489,0.361033171415329,0.649520039558411,0.764035522937775,2.08896398544312,False
638591562707589948,50.4745788574219,-33.6781997680664,-17.4498558044434,0.05107262,-0.03382169,-0.01690499,0.322791129350662,0.540227234363556,0.342288792133331,0.640571475028992,0.765313923358917,2.09152054786682,False
638591562707928828,46.1693840026855,-32.2249794006348,-21.9644165039063,0.04675964,-0.03235797,-0.02114866,0.30552077293396,0.564708828926086,0.311319798231125,0.626509368419647,0.765313923358917,2.10174751281738,False
638591562708278758,40.3911590576172,-30.5634784698486,-28.1166572570801,0.04096793,-0.03086953,-0.02742242,0.280437648296356,0.594086766242981,0.268941193819046,0.61116898059845,0.764035522937775,2.12731504440308,False
638591562708608510,34.1193237304688,-27.8302249908447,-34.9617004394531,0.0350414,-0.02825377,-0.03366613,0.250420123338699,0.631625175476074,0.22737754881382,0.585601568222046,0.765313923358917,2.15032553672791,False
638591562708939398,27.7093257904053,-23.6284408569336,-42.7354049682617,0.02845719,-0.02416128,-0.04157729,0.217113018035889,0.6814044713974,0.189073815941811,0.557477414608002,0.764035522937775,2.16950106620789,False
638591562709268403,21.8636798858643,-19.8322124481201,-49.1062927246094,0.02239407,-0.02012878,-0.04843863,0.181338712573051,0.725063323974609,0.16136471927166,0.526796579360962,0.764035522937775,2.17717146873474,False
638591562709609560,16.2918968200684,-16.8621253967285,-54.6136283874512,0.01702042,-0.01714981,-0.05389019,0.142274811863899,0.760153591632843,0.137323006987572,0.49867245554924,0.761478781700134,2.19506859779358,False
638591562709949377,11.455249786377,-15.3318347930908,-58.1976509094238,0.01195523,-0.0154088,-0.05780992,0.103622123599052,0.779330849647522,0.119393587112427,0.462878108024597,0.758922040462494,2.21680092811584,False
638591562710268341,8.47459888458252,-15.1471567153931,-60.099796295166,0.008705799,-0.01513562,-0.06000974,0.0781277865171432,0.783411085605621,0.105946533381939,0.430918872356415,0.761478781700134,2.22958445549011,False
638591562710608700,6.4022045135498,-15.5289001464844,-60.3541374206543,0.006667244,-0.01544611,-0.06039273,0.0592126399278641,0.780146896839142,0.100649207830429,0.395124524831772,0.762757182121277,2.23981142044067,False
638591562710949713,4.8380560874939,-16.1021137237549,-60.4797897338867,0.004971858,-0.01605806,-0.06046984,0.0448206774890423,0.77484256029129,0.0953518748283386,0.36827877163887,0.762757182121277,2.24236822128296,False
638591562711274227,2.39395928382874,-17.0947151184082,-60.5547370910645,0.002482987,-0.01705072,-0.06054033,0.022204739972949,0.765457928180695,0.0876096338033676,0.35038161277771,0.764035522937775,2.24236822128296,False
638591562711622357,-1.0609393119812,-17.929271697998,-60.8488159179688,-0.0007077659,-0.01788104,-0.06077499,-0.00986877363175154,0.757705450057983,0.079867385327816,0.329927712678909,0.762757182121277,2.2436466217041,False
638591562711931326,-3.29367876052856,-18.4908351898193,-61.5846519470215,-0.003162474,-0.01844726,-0.06156369,-0.030839916318655,0.752809107303619,0.0713101625442505,0.306917041540146,0.765313923358917,2.24236822128296,False
638591562712258938,-5.20910120010376,-18.7669620513916,-61.9805030822754,-0.005124229,-0.0187633,-0.06192211,-0.0489326678216457,0.75036096572876,0.0672352984547615,0.283906400203705,0.765313923358917,2.24492502212524,False
638591562712572120,-6.12232446670532,-18.8574409484863,-62.1177864074707,-0.006078642,-0.01885744,-0.06211528,-0.0575678460299969,0.74954491853714,0.0660128369927406,0.257060647010803,0.765313923358917,2.24620342254639,False
638591562712950885,-6.29954385757446,-19.1507701873779,-62.0858726501465,-0.006299544,-0.01915077,-0.06208587,-0.0592126399278641,0.746688723564148,0.0643828883767128,0.235328361392021,0.762757182121277,2.24748182296753,False
638591562713269799,-6.35539865493774,-19.4341640472412,-61.884765625,-0.006355399,-0.01943417,-0.06188477,-0.0596238374710083,0.743832528591156,0.0639754086732864,0.22254467010498,0.762757182121277,2.24748182296753,False
638591562713598711,-6.41137218475342,-19.7182693481445,-61.6844902038574,-0.006411373,-0.01971827,-0.06168449,-0.0600350387394428,0.740976333618164,0.0635679215192795,0.2135960906744,0.762757182121277,2.24748182296753,False
638591562713927596,-6.38498830795288,-20.0399055480957,-61.389087677002,-0.006380625,-0.01995941,-0.06146219,-0.0596238374710083,0.737712144851685,0.0635679215192795,0.20848260819912,0.762757182121277,2.24748182296753,False
638591562714227980,-6.46725654602051,-20.8110523223877,-60.7547454833984,-0.006462901,-0.02072999,-0.06082722,-0.0600350387394428,0.729959607124329,0.0631604343652725,0.207204237580299,0.762757182121277,2.24620342254639,False
638591562714602665,-6.60176038742065,-21.9247283935547,-60.0048446655273,-0.006599581,-0.02188379,-0.06004062,-0.0608574375510216,0.718942880630493,0.0615304857492447,0.204647496342659,0.762757182121277,2.24620342254639,False
638591562715092704,-6.73456859588623,-23.007381439209,-59.3025894165039,-0.006734569,-0.02300738,-0.05930259,-0.06167983263731,0.70833420753479,0.0599005371332169,0.204647496342659,0.762757182121277,2.24748182296753,False
638591562715292256,-6.7856707572937,-23.3926963806152,-59.2046394348145,-0.006783484,-0.02335125,-0.05923983,-0.0620910339057446,0.704661965370178,0.0582705922424793,0.204647496342659,0.764035522937775,2.24620342254639,False
638591562715631054,-7.12195110321045,-24.2014503479004,-58.8842353820801,-0.007119684,-0.02415974,-0.05891909,-0.064969427883625,0.696909487247467,0.0558256730437279,0.204647496342659,0.762757182121277,2.24748182296753,False
638591562715920066,-7.38725328445435,-24.7295475006104,-58.9724578857422,-0.007337624,-0.02464579,-0.05903875,-0.067436620593071,0.692013144493103,0.0521582923829556,0.204647496342659,0.762757182121277,2.24620342254639,False
638591562716248619,-7.55597639083862,-25.2184600830078,-59.1462020874023,-0.007555977,-0.02521846,-0.0591462,-0.0690814107656479,0.687524855136871,0.0480834245681763,0.204647496342659,0.762757182121277,2.24620342254639,False
638591562716575300,-7.58371305465698,-25.5357608795166,-59.3959503173828,-0.007583714,-0.02553576,-0.05939595,-0.0694926157593727,0.684668660163879,0.0444160439074039,0.203369140625,0.762757182121277,2.24620342254639,False
638591562716915140,-7.56925773620605,-25.7630233764648,-59.603630065918,-0.007569258,-0.02576303,-0.05960363,-0.0694926157593727,0.682628512382507,0.0415636375546455,0.20209077000618,0.762757182121277,2.24620342254639,False
638591562717247689,-7.52316188812256,-25.8074951171875,-59.6204566955566,-0.007523162,-0.0258075,-0.05962046,-0.0690814107656479,0.68222051858902,0.0411561541259289,0.20209077000618,0.761478781700134,2.24748182296753,False
638591562717546770,-7.52316188812256,-25.8074951171875,-59.6204566955566,-0.007523162,-0.0258075,-0.05962046,-0.0690814107656479,0.68222051858902,0.0411561541259289,0.20081239938736,0.762757182121277,2.24620342254639,False
638591562717885635,-7.52316188812256,-25.8074951171875,-59.6204566955566,-0.007523162,-0.0258075,-0.05962046,-0.0690814107656479,0.68222051858902,0.0411561541259289,0.198255658149719,0.762757182121277,2.24620342254639,False
638591562718244431,-7.52316188812256,-25.8074951171875,-59.6204566955566,-0.007523162,-0.0258075,-0.05962046,-0.0690814107656479,0.68222051858902,0.0411561541259289,0.196977287530899,0.762757182121277,2.24620342254639,False
638591562718585846,-7.52316188812256,-25.8074951171875,-59.6204566955566,-0.007523162,-0.0258075,-0.05962046,-0.0690814107656479,0.68222051858902,0.0411561541259289,0.195698916912079,0.762757182121277,2.24620342254639,False
638591562718924707,-7.47295618057251,-25.9853000640869,-59.6972694396973,-0.007472957,-0.0259853,-0.05969727,-0.0686702132225037,0.68058842420578,0.039526205509901,0.195698916912079,0.762757182121277,2.24620342254639,False
638591562719247148,-7.42512559890747,-26.2053260803223,-59.7403182983398,-0.007425126,-0.02620533,-0.05974032,-0.0682590156793594,0.678548276424408,0.0378962606191635,0.193142175674438,0.764035522937775,2.24620342254639,False
638591562719569321,-7.38277959823608,-26.2476902008057,-59.7032089233398,-0.00738278,-0.02624769,-0.05970321,-0.0678478181362152,0.678140223026276,0.0378962606191635,0.191863805055618,0.762757182121277,2.24620342254639,False
638591562719918511,-7.25101900100708,-26.2900695800781,-59.6601333618164,-0.007251019,-0.02629007,-0.05966014,-0.0666142180562019,0.677732229232788,0.0378962606191635,0.191863805055618,0.762757182121277,2.24620342254639,False
638591562720225327,-7.11074686050415,-26.3809432983398,-59.7457733154297,-0.007110747,-0.02638094,-0.05974578,-0.0653806254267693,0.676916182041168,0.0366737991571426,0.191863805055618,0.762757182121277,2.24620342254639,False
638591562720575245,-7.06830072402954,-26.4233646392822,-59.7088584899902,-0.007068301,-0.02642337,-0.05970886,-0.064969427883625,0.676508128643036,0.0366737991571426,0.193142175674438,0.762757182121277,2.24620342254639,False
638591562720974500,-6.97765398025513,-26.4677791595459,-59.7232856750488,-0.006977655,-0.02646778,-0.05972329,-0.064147025346756,0.676100134849548,0.0362663120031357,0.194420546293259,0.761478781700134,2.24748182296753,False
638591562721235855,-6.88231515884399,-26.558500289917,-59.8122444152832,-0.006880163,-0.02651604,-0.0598462,-0.0633246302604675,0.675284028053284,0.0350438542664051,0.193142175674438,0.762757182121277,2.24748182296753,False
638591562721572706,-6.88103008270264,-26.6028690338135,-59.8325042724609,-0.00688103,-0.02660287,-0.05983251,-0.0633246302604675,0.674876034259796,0.0346363671123981,0.195698916912079,0.761478781700134,2.24748182296753,False
638591562721971473,-6.8385443687439,-26.6453590393066,-59.7957649230957,-0.006838545,-0.02664536,-0.05979577,-0.0629134327173233,0.674467980861664,0.0346363671123981,0.196977287530899,0.758922040462494,2.24875998497009,False
638591562722262503,-6.74210834503174,-26.7802619934082,-59.9053268432617,-0.006740003,-0.02673773,-0.0599392,-0.0620910339057446,0.673243939876556,0.0330064184963703,0.194420546293259,0.762757182121277,2.24748182296753,False
638591562722591554,-6.74421262741089,-26.8228054046631,-59.8714752197266,-0.006744213,-0.02682281,-0.05987148,-0.0620910339057446,0.672835886478424,0.0330064184963703,0.194420546293259,0.762757182121277,2.24748182296753,False
638591562722910334,-6.7505202293396,-26.9505252838135,-59.7700233459473,-0.00675052,-0.02695053,-0.05977003,-0.0620910339057446,0.671611785888672,0.0330064184963703,0.194420546293259,0.762757182121277,2.24620342254639,False
638591562723264231,-6.77612400054932,-27.3307933807373,-59.3581962585449,-0.006770662,-0.02728991,-0.05944604,-0.0620910339057446,0.66793954372406,0.0338213928043842,0.194420546293259,0.764035522937775,2.24620342254639,False
